<?xml version="1.0" encoding="UTF-8"?>
<project-private xmlns="http://www.netbeans.org/ns/project-private/1">
    <editor-bookmarks xmlns="http://www.netbeans.org/ns/editor-bookmarks/2" lastBookmarkId="0"/>
    <open-files xmlns="http://www.netbeans.org/ns/projectui-open-files/2">
        <group>
            <file>file:/C:/Users/diazf/OneDrive/Desktop/dzdz/15-09-24/javaSwing/src/Dashboar/JFrameHomeF.java</file>
            <file>file:/C:/Users/diazf/OneDrive/Desktop/dzdz/15-09-24/javaSwing/src/Dashboar/JFrameDetalleVenta.java</file>
            <file>file:/C:/Users/diazf/OneDrive/Desktop/dzdz/15-09-24/javaSwing/src/Dashboar/JFrameHome2.java</file>
            <file>file:/C:/Users/diazf/OneDrive/Desktop/dzdz/15-09-24/javaSwing/src/Login/JFramePreLoader.java</file>
            <file>file:/C:/Users/diazf/OneDrive/Desktop/dzdz/15-09-24/javaSwing/src/Login/JFrameLogin.java</file>
            <file>file:/C:/Users/diazf/OneDrive/Desktop/dzdz/15-09-24/javaSwing/src/Dashboar/JFrameCambio.java</file>
            <file>file:/C:/Users/diazf/OneDrive/Desktop/dzdz/15-09-24/javaSwing/src/Dashboar/JFrameHome3.java</file>
        </group>
    </open-files>
</project-private>
